Season,Team,conference,PreRank,PostRank,Change,Status
2014,Alabama,SEC,2,4,-2,Properly Rated
2014,Arizona,Pac-12,,19,16,Underrated
2014,Arizona State,Pac-12,19,12,7,Underrated
2014,Auburn,SEC,6,22,-16,Overrated
2014,Baylor,Big 12,10,7,3,Properly Rated
2014,Boise State,Mountain West,,16,19,Underrated
2014,Clemson,ACC,16,15,1,Properly Rated
2014,Florida State,ACC,1,5,-4,Properly Rated
2014,Georgia,SEC,12,9,3,Properly Rated
2014,Georgia Tech,ACC,,8,27,Very Underrated
2014,Kansas State,Big 12,20,18,2,Properly Rated
2014,LSU,SEC,13,,-22,Very Overrated
2014,Louisville,ACC,,24,11,Underrated
2014,Marshall,Conference USA,,23,12,Underrated
2014,Memphis,American,,25,10,Underrated
2014,Michigan State,Big Ten,8,6,2,Properly Rated
2014,Mississippi State,SEC,,11,24,Very Underrated
2014,Missouri,SEC,24,14,10,Underrated
2014,Nebraska,Big Ten,22,,-13,Overrated
2014,North Carolina,ACC,23,,-12,Overrated
2014,Notre Dame,Independent,17,,-18,Overrated
2014,Ohio State,Big Ten,5,1,4,Properly Rated
2014,Oklahoma,Big 12,4,,-31,Very Overrated
2014,Ole Miss,SEC,18,17,1,Properly Rated
2014,Oregon,Pac-12,3,2,1,Properly Rated
2014,South Carolina,SEC,9,,-26,Very Overrated
2014,Stanford,Pac-12,11,,-24,Very Overrated
2014,TCU,Big 12,,3,32,Very Underrated
2014,Texas A&M,SEC,21,,-14,Overrated
2014,UCLA,Pac-12,7,10,-3,Properly Rated
2014,USC,Pac-12,15,20,-5,Properly Rated
2014,Utah,Pac-12,,21,14,Underrated
2014,Washington,Pac-12,25,,-10,Overrated
2014,Wisconsin,Big Ten,14,13,1,Properly Rated
2015,Alabama,SEC,3,1,2,Properly Rated
2015,Arizona,Pac-12,22,,-13,Overrated
2015,Arizona State,Pac-12,15,,-20,Overrated
2015,Arkansas,SEC,18,,-17,Overrated
2015,Auburn,SEC,6,,-29,Very Overrated
2015,Baylor,Big 12,4,13,-9,Overrated
2015,Boise State,Mountain West,23,,-12,Overrated
2015,Clemson,ACC,12,2,10,Underrated
2015,Florida,SEC,,25,10,Underrated
2015,Florida State,ACC,10,14,-4,Properly Rated
2015,Georgia,SEC,9,,-26,Very Overrated
2015,Georgia Tech,ACC,16,,-19,Overrated
2015,Houston,American,,8,27,Very Underrated
2015,Iowa,Big Ten,,9,26,Very Underrated
2015,LSU,SEC,14,16,-2,Properly Rated
2015,Michigan,Big Ten,,12,23,Very Underrated
2015,Michigan State,Big Ten,5,6,-1,Properly Rated
2015,Missouri,SEC,24,,-11,Overrated
2015,Navy,American,,18,17,Underrated
2015,North Carolina,ACC,,15,20,Underrated
2015,Northwestern,Big Ten,,23,12,Underrated
2015,Notre Dame,Independent,11,11,0,Properly Rated
2015,Ohio State,Big Ten,1,4,-3,Properly Rated
2015,Oklahoma,Big 12,19,5,14,Underrated
2015,Oklahoma State,Big 12,,20,15,Underrated
2015,Ole Miss,SEC,17,10,7,Underrated
2015,Oregon,Pac-12,7,19,-12,Overrated
2015,Stanford,Pac-12,21,3,18,Underrated
2015,TCU,Big 12,2,7,-5,Properly Rated
2015,Tennessee,SEC,25,22,3,Properly Rated
2015,UCLA,Pac-12,13,,-22,Very Overrated
2015,USC,Pac-12,8,,-27,Very Overrated
2015,Utah,Pac-12,,17,18,Underrated
2015,Western Kentucky,Conference USA,,24,11,Underrated
2015,Wisconsin,Big Ten,20,21,-1,Properly Rated
2016,Alabama,SEC,1,2,-1,Properly Rated
2016,Auburn,SEC,,24,11,Underrated
2016,Baylor,Big 12,23,,-12,Overrated
2016,Clemson,ACC,2,1,1,Properly Rated
2016,Colorado,Pac-12,,17,18,Underrated
2016,Florida,SEC,25,14,11,Underrated
2016,Florida State,ACC,4,8,-4,Properly Rated
2016,Georgia,SEC,18,,-17,Overrated
2016,Houston,American,15,,-20,Overrated
2016,Iowa,Big Ten,17,,-18,Overrated
2016,LSU,SEC,5,13,-8,Overrated
2016,Louisville,ACC,19,21,-2,Properly Rated
2016,Miami (FL),ACC,,20,15,Underrated
2016,Michigan,Big Ten,7,10,-3,Properly Rated
2016,Michigan State,Big Ten,12,,-23,Very Overrated
2016,North Carolina,ACC,22,,-13,Overrated
2016,Notre Dame,Independent,10,,-25,Very Overrated
2016,Ohio State,Big Ten,6,6,0,Properly Rated
2016,Oklahoma,Big 12,3,5,-2,Properly Rated
2016,Oklahoma State,Big 12,21,11,10,Underrated
2016,Ole Miss,SEC,11,,-24,Very Overrated
2016,Oregon,Pac-12,24,,-11,Overrated
2016,Penn State,Big Ten,,7,28,Very Underrated
2016,San Diego State,Mountain West,,25,10,Underrated
2016,South Florida,American,,19,16,Underrated
2016,Stanford,Pac-12,8,12,-4,Properly Rated
2016,TCU,Big 12,13,,-22,Very Overrated
2016,Tennessee,SEC,9,22,-13,Overrated
2016,UCLA,Pac-12,16,,-19,Overrated
2016,USC,Pac-12,20,3,17,Underrated
2016,Utah,Pac-12,,23,12,Underrated
2016,Virginia Tech,ACC,,16,19,Underrated
2016,Washington,Pac-12,14,4,10,Underrated
2016,West Virginia,Big 12,,18,17,Underrated
2016,Western Michigan,MAC,,15,20,Underrated
2016,Wisconsin,Big Ten,,9,26,Very Underrated
2017,Alabama,SEC,1,1,0,Properly Rated
2017,Auburn,SEC,12,10,2,Properly Rated
2017,Boise State,Mountain West,,22,13,Underrated
2017,Clemson,ACC,5,4,1,Properly Rated
2017,Florida,SEC,17,,-18,Overrated
2017,Florida State,ACC,3,,-32,Very Overrated
2017,Georgia,SEC,15,2,13,Underrated
2017,Kansas State,Big 12,20,,-15,Overrated
2017,LSU,SEC,13,18,-5,Properly Rated
2017,Louisville,ACC,16,,-19,Overrated
2017,Memphis,American,,25,10,Underrated
2017,Miami (FL),ACC,18,13,5,Properly Rated
2017,Michigan,Big Ten,11,,-24,Very Overrated
2017,Michigan State,Big Ten,,15,20,Underrated
2017,Mississippi State,SEC,,19,16,Underrated
2017,NC State,ACC,,23,12,Underrated
2017,Northwestern,Big Ten,,17,18,Underrated
2017,Notre Dame,Independent,,11,24,Very Underrated
2017,Ohio State,Big Ten,2,5,-3,Properly Rated
2017,Oklahoma,Big 12,7,3,4,Properly Rated
2017,Oklahoma State,Big 12,10,14,-4,Properly Rated
2017,Penn State,Big Ten,6,8,-2,Properly Rated
2017,South Florida,American,19,21,-2,Properly Rated
2017,Stanford,Pac-12,14,20,-6,Overrated
2017,TCU,Big 12,,9,26,Very Underrated
2017,Tennessee,SEC,25,,-10,Overrated
2017,Texas,Big 12,23,,-12,Overrated
2017,UCF,American,,6,29,Very Underrated
2017,USC,Pac-12,4,12,-8,Overrated
2017,Virginia Tech,ACC,21,24,-3,Properly Rated
2017,Washington,Pac-12,8,16,-8,Overrated
2017,Washington State,Pac-12,24,,-11,Overrated
2017,West Virginia,Big 12,22,,-13,Overrated
2017,Wisconsin,Big Ten,9,7,2,Properly Rated
2018,Alabama,SEC,1,2,-1,Properly Rated
2018,Army,Independent,,19,16,Underrated
2018,Auburn,SEC,9,,-26,Very Overrated
2018,Boise State,Mountain West,22,23,-1,Properly Rated
2018,Cincinnati,American,,24,11,Underrated
2018,Clemson,ACC,2,1,1,Properly Rated
2018,Florida,SEC,,8,27,Very Underrated
2018,Florida State,ACC,19,,-16,Overrated
2018,Fresno State,Mountain West,,18,17,Underrated
2018,Georgia,SEC,3,7,-4,Properly Rated
2018,Iowa,Big Ten,,25,10,Underrated
2018,Kentucky,SEC,,12,23,Very Underrated
2018,LSU,SEC,25,6,19,Underrated
2018,Miami (FL),ACC,8,,-27,Very Overrated
2018,Michigan,Big Ten,14,14,0,Properly Rated
2018,Michigan State,Big Ten,11,,-24,Very Overrated
2018,Mississippi State,SEC,18,,-17,Overrated
2018,Northwestern,Big Ten,,21,14,Underrated
2018,Notre Dame,Independent,12,5,7,Underrated
2018,Ohio State,Big Ten,5,3,2,Properly Rated
2018,Oklahoma,Big 12,7,4,3,Properly Rated
2018,Oregon,Pac-12,24,,-11,Overrated
2018,Penn State,Big Ten,10,17,-7,Overrated
2018,Stanford,Pac-12,13,,-22,Very Overrated
2018,Syracuse,ACC,,15,20,Underrated
2018,TCU,Big 12,16,,-19,Overrated
2018,Texas,Big 12,23,9,14,Underrated
2018,Texas A&M,SEC,,16,19,Underrated
2018,UCF,American,21,11,10,Underrated
2018,USC,Pac-12,15,,-20,Overrated
2018,Utah State,Mountain West,,22,13,Underrated
2018,Virginia Tech,ACC,20,,-15,Overrated
2018,Washington,Pac-12,6,13,-7,Overrated
2018,Washington State,Pac-12,,10,25,Very Underrated
2018,West Virginia,Big 12,17,20,-3,Properly Rated
2018,Wisconsin,Big Ten,4,,-31,Very Overrated
2019,Air Force,Mountain West,,22,13,Underrated
2019,Alabama,SEC,2,8,-6,Overrated
2019,Appalachian State,Sun Belt,,19,16,Underrated
2019,Auburn,SEC,16,14,2,Properly Rated
2019,Baylor,Big 12,,13,22,Very Underrated
2019,Boise State,Mountain West,,23,12,Underrated
2019,Cincinnati,American,,21,14,Underrated
2019,Clemson,ACC,1,2,-1,Properly Rated
2019,Florida,SEC,8,6,2,Properly Rated
2019,Georgia,SEC,3,4,-1,Properly Rated
2019,Iowa,Big Ten,20,15,5,Properly Rated
2019,Iowa State,Big 12,21,,-14,Overrated
2019,LSU,SEC,6,1,5,Properly Rated
2019,Memphis,American,,17,18,Underrated
2019,Michigan,Big Ten,7,18,-11,Overrated
2019,Michigan State,Big Ten,18,,-17,Overrated
2019,Minnesota,Big Ten,,10,25,Very Underrated
2019,Navy,American,,20,15,Underrated
2019,Nebraska,Big Ten,24,,-11,Overrated
2019,Notre Dame,Independent,9,12,-3,Properly Rated
2019,Ohio State,Big Ten,5,3,2,Properly Rated
2019,Oklahoma,Big 12,4,7,-3,Properly Rated
2019,Oregon,Pac-12,11,5,6,Underrated
2019,Penn State,Big Ten,15,9,6,Underrated
2019,Stanford,Pac-12,25,,-10,Overrated
2019,Syracuse,ACC,22,,-13,Overrated
2019,Texas,Big 12,10,25,-15,Overrated
2019,Texas A&M,SEC,12,,-23,Very Overrated
2019,UCF,American,17,24,-7,Overrated
2019,Utah,Pac-12,14,16,-2,Properly Rated
2019,Washington,Pac-12,13,,-22,Very Overrated
2019,Washington State,Pac-12,23,,-12,Overrated
2019,Wisconsin,Big Ten,19,11,8,Underrated
2020,Alabama,SEC,3,1,2,Properly Rated
2020,Auburn,SEC,11,,-24,Very Overrated
2020,BYU,Independent,,11,24,Very Underrated
2020,Ball State,MAC,,23,12,Underrated
2020,Buffalo,MAC,,25,10,Underrated
2020,Cincinnati,American,20,8,12,Underrated
2020,Clemson,ACC,1,3,-2,Properly Rated
2020,Coastal Carolina,Sun Belt,,14,21,Very Underrated
2020,Florida,SEC,8,13,-5,Properly Rated
2020,Georgia,SEC,4,7,-3,Properly Rated
2020,Indiana,Big Ten,,12,23,Very Underrated
2020,Iowa,Big Ten,24,16,8,Underrated
2020,Iowa State,Big 12,23,9,14,Underrated
2020,LSU,SEC,6,,-29,Very Overrated
2020,Liberty,Independent,,17,18,Underrated
2020,Louisiana,Sun Belt,,15,20,Underrated
2020,Miami (FL),ACC,,22,13,Underrated
2020,Michigan,Big Ten,16,,-19,Overrated
2020,Minnesota,Big Ten,19,,-16,Overrated
2020,North Carolina,ACC,18,18,0,Properly Rated
2020,Northwestern,Big Ten,,10,25,Very Underrated
2020,Notre Dame,Independent,10,5,5,Properly Rated
2020,Ohio State,Big Ten,2,2,0,Properly Rated
2020,Oklahoma,Big 12,5,6,-1,Properly Rated
2020,Oklahoma State,Big 12,15,20,-5,Properly Rated
2020,Oregon,Pac-12,9,,-26,Very Overrated
2020,Penn State,Big Ten,7,,-28,Very Overrated
2020,San Jose State,Mountain West,,24,11,Underrated
2020,Tennessee,SEC,25,,-10,Overrated
2020,Texas,Big 12,14,19,-5,Properly Rated
2020,Texas A&M,SEC,13,4,9,Underrated
2020,UCF,American,21,,-14,Overrated
2020,USC,Pac-12,17,21,-4,Properly Rated
2020,Utah,Pac-12,22,,-13,Overrated
2020,Wisconsin,Big Ten,12,,-23,Very Overrated
2021,Alabama,SEC,1,2,-1,Properly Rated
2021,Arizona State,Pac-12,25,,-10,Overrated
2021,Arkansas,SEC,,21,14,Underrated
2021,BYU,Independent,,19,16,Underrated
2021,Baylor,Big 12,,5,30,Very Underrated
2021,Cincinnati,American,8,4,4,Properly Rated
2021,Clemson,ACC,3,14,-11,Overrated
2021,Coastal Carolina,Sun Belt,22,,-13,Overrated
2021,Florida,SEC,13,,-22,Very Overrated
2021,Georgia,SEC,5,1,4,Properly Rated
2021,Houston,American,,17,18,Underrated
2021,Indiana,Big Ten,17,,-18,Overrated
2021,Iowa,Big Ten,18,23,-5,Properly Rated
2021,Iowa State,Big 12,7,,-28,Very Overrated
2021,Kentucky,SEC,,18,17,Underrated
2021,LSU,SEC,16,,-19,Overrated
2021,Louisiana,Sun Belt,23,16,7,Underrated
2021,Miami (FL),ACC,14,,-21,Very Overrated
2021,Michigan,Big Ten,,3,32,Very Underrated
2021,Michigan State,Big Ten,,9,26,Very Underrated
2021,NC State,ACC,,20,15,Underrated
2021,North Carolina,ACC,10,,-25,Very Overrated
2021,Notre Dame,Independent,9,8,1,Properly Rated
2021,Ohio State,Big Ten,4,6,-2,Properly Rated
2021,Oklahoma,Big 12,2,10,-8,Overrated
2021,Oklahoma State,Big 12,,7,28,Very Underrated
2021,Ole Miss,SEC,,11,24,Very Underrated
2021,Oregon,Pac-12,11,22,-11,Overrated
2021,Penn State,Big Ten,19,,-16,Overrated
2021,Pittsburgh,ACC,,13,22,Very Underrated
2021,San Diego State,Mountain West,,25,10,Underrated
2021,Texas,Big 12,21,,-14,Overrated
2021,Texas A&M,SEC,6,,-29,Very Overrated
2021,USC,Pac-12,15,,-20,Overrated
2021,Utah,Pac-12,24,12,12,Underrated
2021,Utah State,Mountain West,,24,11,Underrated
2021,Wake Forest,ACC,,15,20,Underrated
2021,Washington,Pac-12,20,,-15,Overrated
2021,Wisconsin,Big Ten,12,,-23,Very Overrated
2022,Alabama,SEC,1,5,-4,Properly Rated
2022,Arkansas,SEC,19,,-16,Overrated
2022,BYU,Independent,25,,-10,Overrated
2022,Baylor,Big 12,10,,-25,Very Overrated
2022,Cincinnati,American,23,,-12,Overrated
2022,Clemson,ACC,4,13,-9,Overrated
2022,Florida State,ACC,,11,24,Very Underrated
2022,Fresno State,Mountain West,,24,11,Underrated
2022,Georgia,SEC,3,1,2,Properly Rated
2022,Houston,American,24,,-11,Overrated
2022,Kansas State,Big 12,,14,21,Very Underrated
2022,Kentucky,SEC,20,,-15,Overrated
2022,LSU,SEC,,16,19,Underrated
2022,Miami (FL),ACC,16,,-19,Overrated
2022,Michigan,Big Ten,8,3,5,Properly Rated
2022,Michigan State,Big Ten,15,,-20,Overrated
2022,Mississippi State,SEC,,20,15,Underrated
2022,NC State,ACC,13,,-22,Very Overrated
2022,Notre Dame,Independent,5,18,-13,Overrated
2022,Ohio State,Big Ten,2,4,-2,Properly Rated
2022,Oklahoma,Big 12,9,,-26,Very Overrated
2022,Oklahoma State,Big 12,12,,-23,Very Overrated
2022,Ole Miss,SEC,21,,-14,Overrated
2022,Oregon,Pac-12,11,15,-4,Properly Rated
2022,Oregon State,Pac-12,,17,18,Underrated
2022,Penn State,Big Ten,,7,28,Very Underrated
2022,Pittsburgh,ACC,17,22,-5,Properly Rated
2022,South Carolina,SEC,,23,12,Underrated
2022,TCU,Big 12,,2,33,Very Underrated
2022,Tennessee,SEC,,6,29,Very Underrated
2022,Texas,Big 12,,25,10,Underrated
2022,Texas A&M,SEC,6,,-29,Very Overrated
2022,Troy,Sun Belt,,19,16,Underrated
2022,Tulane,American,,9,26,Very Underrated
2022,UCLA,Pac-12,,21,14,Underrated
2022,USC,Pac-12,14,12,2,Properly Rated
2022,Utah,Pac-12,7,10,-3,Properly Rated
2022,Wake Forest,ACC,22,,-13,Overrated
2022,Washington,Pac-12,,8,27,Very Underrated
2022,Wisconsin,Big Ten,18,,-17,Overrated
2023,Alabama,SEC,4,5,-1,Properly Rated
2023,Arizona,Pac-12,,11,24,Very Underrated
2023,Clemson,ACC,9,20,-11,Overrated
2023,Florida State,ACC,8,6,2,Properly Rated
2023,Georgia,SEC,1,4,-3,Properly Rated
2023,Iowa,Big Ten,25,24,1,Properly Rated
2023,Kansas,Big 12,,23,12,Underrated
2023,Kansas State,Big 12,16,18,-2,Properly Rated
2023,LSU,SEC,5,12,-7,Overrated
2023,Liberty,Conference USA,,25,10,Underrated
2023,Louisville,ACC,,19,16,Underrated
2023,Michigan,Big Ten,2,1,1,Properly Rated
2023,Missouri,SEC,,8,27,Very Underrated
2023,NC State,ACC,,21,14,Underrated
2023,North Carolina,ACC,21,,-14,Overrated
2023,Notre Dame,Independent,13,14,-1,Properly Rated
2023,Ohio State,Big Ten,3,10,-7,Overrated
2023,Oklahoma,Big 12,20,15,5,Properly Rated
2023,Oklahoma State,Big 12,,16,19,Underrated
2023,Ole Miss,SEC,22,9,13,Underrated
2023,Oregon,Pac-12,15,7,8,Underrated
2023,Oregon State,Pac-12,18,,-17,Overrated
2023,Penn State,Big Ten,7,13,-6,Overrated
2023,SMU,American,,22,13,Underrated
2023,TCU,Big 12,17,,-18,Overrated
2023,Tennessee,SEC,12,17,-5,Properly Rated
2023,Texas,Big 12,11,3,8,Underrated
2023,Texas A&M,SEC,23,,-12,Overrated
2023,Tulane,American,24,,-11,Overrated
2023,USC,Pac-12,6,,-29,Very Overrated
2023,Utah,Pac-12,14,,-21,Very Overrated
2023,Washington,Pac-12,10,2,8,Underrated
2023,Wisconsin,Big Ten,19,,-16,Overrated
2024,Alabama,SEC,5,17,-12,Overrated
2024,Arizona,Big 12,21,,-14,Overrated
2024,Arizona State,Big 12,,7,28,Very Underrated
2024,Army,American,,21,14,Underrated
2024,BYU,Big 12,,13,22,Very Underrated
2024,Boise State,Mountain West,,8,27,Very Underrated
2024,Clemson,ACC,14,14,0,Properly Rated
2024,Colorado,Big 12,,25,10,Underrated
2024,Florida State,ACC,10,,-25,Very Overrated
2024,Georgia,SEC,1,6,-5,Properly Rated
2024,Illinois,Big Ten,,16,19,Underrated
2024,Indiana,Big Ten,,10,25,Very Underrated
2024,Iowa,Big Ten,25,,-10,Overrated
2024,Iowa State,Big 12,,15,20,Underrated
2024,Kansas,Big 12,22,,-13,Overrated
2024,Kansas State,Big 12,18,,-17,Overrated
2024,LSU,SEC,13,,-22,Very Overrated
2024,Memphis,American,,24,11,Underrated
2024,Miami (FL),ACC,19,18,1,Properly Rated
2024,Michigan,Big Ten,9,,-26,Very Overrated
2024,Missouri,SEC,11,22,-11,Overrated
2024,NC State,ACC,24,,-11,Overrated
2024,Notre Dame,Independent,7,2,5,Properly Rated
2024,Ohio State,Big Ten,2,1,1,Properly Rated
2024,Oklahoma,SEC,16,,-19,Overrated
2024,Oklahoma State,Big 12,17,,-18,Overrated
2024,Ole Miss,SEC,6,11,-5,Properly Rated
2024,Oregon,Big Ten,3,3,0,Properly Rated
2024,Penn State,Big Ten,8,5,3,Properly Rated
2024,SMU,ACC,,12,23,Very Underrated
2024,South Carolina,SEC,,19,16,Underrated
2024,Syracuse,ACC,,20,15,Underrated
2024,Tennessee,SEC,15,9,6,Underrated
2024,Texas,SEC,4,4,0,Properly Rated
2024,Texas A&M,SEC,20,,-15,Overrated
2024,UNLV,Mountain West,,23,12,Underrated
2024,USC,Big Ten,23,,-12,Overrated
2024,Utah,Big 12,12,,-23,Very Overrated
2025,Alabama,SEC,8,9,-1,Properly Rated
2025,Arizona State,Big 12,11,,-24,Very Overrated
2025,BYU,Big 12,,11,24,Very Underrated
2025,Boise State,Mountain West,25,,-10,Overrated
2025,Clemson,ACC,4,,-31,Very Overrated
2025,Florida,SEC,15,,-20,Overrated
2025,Georgia,SEC,5,6,-1,Properly Rated
2025,Houston,Big 12,,22,13,Underrated
2025,Illinois,Big Ten,12,,-23,Very Overrated
2025,Indiana,Big Ten,20,1,19,Underrated
2025,Iowa,Big Ten,,17,18,Underrated
2025,Iowa State,Big 12,22,,-13,Overrated
2025,James Madison,Sun Belt,,19,16,Underrated
2025,Kansas State,Big 12,17,,-18,Overrated
2025,LSU,SEC,9,,-26,Very Overrated
2025,Miami (FL),ACC,10,2,8,Underrated
2025,Michigan,Big Ten,14,21,-7,Overrated
2025,Navy,American,,23,12,Underrated
2025,North Texas,American,,24,11,Underrated
2025,Notre Dame,Independent,6,10,-4,Properly Rated
2025,Ohio State,Big Ten,3,5,-2,Properly Rated
2025,Oklahoma,SEC,18,13,5,Properly Rated
2025,Ole Miss,SEC,21,3,18,Underrated
2025,Oregon,Big Ten,7,4,3,Properly Rated
2025,Penn State,Big Ten,2,,-33,Very Overrated
2025,SMU,ACC,16,,-19,Overrated
2025,South Carolina,SEC,13,,-22,Very Overrated
2025,TCU,Big 12,,25,10,Underrated
2025,Tennessee,SEC,24,,-11,Overrated
2025,Texas,SEC,1,12,-11,Overrated
2025,Texas A&M,SEC,19,8,11,Underrated
2025,Texas Tech,Big 12,23,7,16,Underrated
2025,Tulane,American,,18,17,Underrated
2025,USC,Big Ten,,20,15,Underrated
2025,Utah,Big 12,,14,21,Very Underrated
2025,Vanderbilt,SEC,,15,20,Underrated
2025,Virginia,ACC,,16,19,Underrated
